timestamp,KKSC_DBF_IN_N_FLW_DRYR_NM3HR,KKSC_DBF_TOT_OVS_TRANS_DRYR_T,KKSC_DBF_TOT_DRD_CONC_LST_HR_T,KKSC_DBF_MN_STM_FLW_DRYR_TPH,KKSC_DBF_IN_STM_PRESS_MPA,KKSC_DBF_IN_STM_TEMP,KKSC_DBF_CON_FLSH_TK_TEMP,KKSC_DBF_CON_FLSH_TK_PRESS_MPA
2024-07-01 07:00:00+02:00,4.591208683319544,4.881166314160887,4.695998384008962,5.356956021183558,5.93314227851301,5.30595644138755,3.3232286769831565,5.939556767693909
2024-07-01 08:00:00+02:00,4.561320194073989,4.1671952097444445,6.470998082728118,4.477407039821827,4.731100394545902,5.551919392266587,4.69532214665501,5.920548724912734
2024-07-01 09:00:00+02:00,5.681404337397819,3.6893791752923693,4.08117954113773,5.951101389042499,4.217692613923946,4.52020629578124,4.249995365482074,3.4488183116334046
2024-07-01 10:00:00+02:00,4.5238630565681355,5.732998067740054,5.383961494095397,5.6603014065506505,3.8079462003866333,5.705953822697043,3.922187191564408,5.0637065653777
2024-07-01 11:00:00+02:00,3.1334405312424396,5.380883374508626,4.0802380065105055,5.229289370694026,3.3703039597089677,4.55536055115121,3.3206544274231944,4.814130279436149
2024-07-01 12:00:00+02:00,5.724644822493272,3.132575140141981,4.1140080310368035,4.491639566930198,5.241097995319235,4.499876081122178,4.963797551291352,4.0375584713271815
2024-07-01 13:00:00+02:00,5.539962273414939,4.1796945716645695,6.970929768067435,3.682503818868679,3.5272427204887817,4.669891764738979,5.505673312991368,4.7488649918463866
2024-07-01 14:00:00+02:00,4.41792510719514,4.413512835891868,6.464278338755639,4.787110946791234,5.568709381435308,5.515278537005159,3.9786194542349667,3.8763984861497702
2024-07-01 15:00:00+02:00,3.6850928811970762,3.644422592049607,5.924196326828893,3.722956791889106,3.548166191530844,5.802323733782139,3.2592215991610516,4.069600102350134
2024-07-01 16:00:00+02:00,3.541103401828888,5.966642872256914,4.779031267479939,3.4621009531049673,5.70783829890344,3.828211542318064,3.5332518832391124,3.330635432181336
2024-07-01 17:00:00+02:00,3.1004500989909523,5.920959114516564,5.658954511631421,5.758908489938532,4.365034112672206,4.448363601023987,4.08171530458173,5.130384154451215
2024-07-01 18:00:00+02:00,5.3359317271707685,5.1238056855131875,5.625787654846476,4.220131100842469,3.828686174297969,4.768329405622854,4.035447781771566,5.802471684291129
2024-07-01 19:00:00+02:00,3.964021614647061,4.375510562051633,4.992960186000049,5.345714232502838,4.227890877333005,4.998469237121629,4.475376307262683,4.326447860805932
2024-07-01 20:00:00+02:00,4.57132519951378,5.181945014942984,5.272035485796751,5.588278661074309,3.73194349340641,3.2394804820837413,5.00989994310194,3.9513831808879605
2024-07-01 21:00:00+02:00,4.619465856765414,4.898713764374502,4.579883990342331,5.3012924833978285,5.6083924977779676,5.235494207113661,5.005258117401547,4.962988350886709
2024-07-01 22:00:00+02:00,4.77820864320896,5.515662409836806,4.85385787884709,4.625257362934845,4.268832708928009,3.141192340485063,3.029697190692547,4.313963083928816
2024-07-01 23:00:00+02:00,5.611973654315158,4.340021437543564,6.23412912943267,4.0290865839681,3.88987423114929,4.8868220966734315,4.09621328695327,5.1187234094580125
2024-07-02 00:00:00+02:00,3.9409341547468033,4.822889088124123,4.656703318220339,4.6712093525769856,5.112592381209763,4.766773327246257,5.866872837919542,3.0445596649615996
2024-07-02 01:00:00+02:00,4.695299307108626,3.063053749068775,5.265220374320171,4.978615960287585,3.433304553033142,5.534074682613629,4.75749908628112,4.199338877612054
2024-07-02 02:00:00+02:00,3.6200578834045705,4.093595820767612,5.095106965044929,3.9566560740664265,4.986070014035571,3.8784582957591014,4.324211538874293,3.631365103240028
2024-07-02 03:00:00+02:00,3.998855614735481,5.028408619228446,6.578310306862899,4.5632937794803885,5.3823291570990355,5.245496079460292,4.834762981000684,3.833956204730506
2024-07-02 04:00:00+02:00,4.332698808639885,5.104210688621702,4.3815882834581785,3.36184580750323,3.9365352988116116,4.747065244644891,3.8965487908423007,5.956860844827398
2024-07-02 05:00:00+02:00,4.747211614891037,4.670312165433633,6.736920716349437,5.918606671066542,3.158939573172659,4.617661409005661,4.369445915473821,3.803529834268799
2024-07-02 06:00:00+02:00,5.7075923109015605,3.0697333204465296,4.628771976178197,3.696707726877417,4.987238701263625,4.967296065520208,4.422914320012451,3.816662565415529
2024-07-02 07:00:00+02:00,3.482865650925994,3.240547523999395,5.210508109597893,3.1667983160183004,5.639554392286437,4.131445066418978,5.426960606242135,5.010975371609859
2024-07-02 08:00:00+02:00,5.384064071382769,5.082445158831984,4.533622010597272,5.198446494769964,4.198863499926493,5.667850378606295,5.369016801924887,3.9171518616660883
2024-07-02 09:00:00+02:00,3.4054465764458124,4.124167030736821,4.799872074728792,3.3026217012497874,3.2974711162350783,5.1799150838061925,5.433082108865525,4.5309859884231525
2024-07-02 10:00:00+02:00,3.2806861230399536,3.368423937606444,4.712559859094115,5.822418321810625,3.5472974013775675,4.015181123826949,5.877164283030885,4.1789523319000415
2024-07-02 11:00:00+02:00,4.4922760237121295,5.540734893434802,4.869158202739767,4.460181370552898,3.144600142871152,5.857350414756762,3.360381740677219,3.265213198416767
2024-07-02 12:00:00+02:00,5.219159976868725,3.698112655988683,4.5529720733572985,5.631974277720986,3.891883703878871,4.854942834729038,4.06706681811784,4.113352671417026
2024-07-02 13:00:00+02:00,5.0880635852650995,4.207160518172648,4.90778056269468,4.118918860361599,4.165356822030555,3.4862353876528367,3.0635500463521357,5.951838273366915
2024-07-02 14:00:00+02:00,4.575248969343416,5.780325724484555,4.612772547807437,3.427950079032278,5.0270431282776435,4.531916102220502,3.0624333692832226,4.40345396619777
2024-07-02 15:00:00+02:00,3.501879299107241,5.488863485147418,5.392441089959915,5.060872396355847,4.176898825175595,4.179364264581765,4.476466019491145,4.7073546959753045
2024-07-02 16:00:00+02:00,5.508113035407818,4.207680881049235,4.109087714188253,3.8461957202284376,4.486428865595257,3.7544455416796834,5.690256848399908,5.711757763097792
2024-07-02 17:00:00+02:00,4.13936624794081,3.049434147192814,4.96142617005805,5.664267144705937,3.6420321632787447,4.787409225644643,4.5347438538272735,3.6484171280303266
2024-07-02 18:00:00+02:00,4.104247723339748,5.086886589918828,6.575376578972251,3.911266068623793,3.1536558585009367,5.191494095297461,3.790947468178409,3.428029438805007
2024-07-02 19:00:00+02:00,4.973502457444744,3.4558730784849416,4.598996543685402,4.021098293773656,4.668666340301506,4.612158809820096,3.8133103619392203,3.1014001788926597
2024-07-02 20:00:00+02:00,4.58711935113885,3.586561798185639,5.421655884246895,4.270577787546173,5.860096816901901,3.016767565854502,5.943645033529846,4.863202342743715
2024-07-02 21:00:00+02:00,5.386213269727129,3.731744671120101,6.285247742935699,3.96912232895632,3.8073349332747597,5.000698399556181,5.706288411452289,4.118406816260006
2024-07-02 22:00:00+02:00,5.768518408145197,3.1781472878355235,4.001516019684391,4.474794548295521,5.757250667289806,4.646894450041627,5.97381046578829,5.273431292942665
2024-07-02 23:00:00+02:00,5.799285715686589,5.009185866344923,5.00230360957279,4.071464779013917,3.76472929818807,4.334613492991734,5.471945305458169,5.861383305869521
2024-07-03 00:00:00+02:00,4.890400893933721,5.590389674917178,4.660407841809341,4.7763922355023585,4.201079062067701,3.2913135652697822,4.738450326513791,4.185039137882275
2024-07-03 01:00:00+02:00,5.121709169962544,4.549924690823896,4.482198529611758,5.78888598282845,3.1936169109357246,3.171382108492473,5.932439027115268,5.641790762321219
2024-07-03 02:00:00+02:00,4.272441735014223,5.243708259880924,5.92094152473532,3.4797170492081086,3.4930224966815473,5.040638662706256,4.118331660093977,3.635350871974041
2024-07-03 03:00:00+02:00,4.34985808986362,3.3123904067524914,4.1239525960692305,3.5625198206064956,4.8343770226788,4.198414260697592,3.810664104682431,5.667573568490232
2024-07-03 04:00:00+02:00,5.110933852282353,5.34130249234445,4.157289875289514,4.15573039249316,3.139269549173992,3.761088970210345,3.803541380905627,3.2554369725247625
2024-07-03 05:00:00+02:00,5.034497134398603,3.930537870645782,6.810966808150477,4.625471209204047,5.8952083318238575,4.933162490427025,3.0239949397085732,5.888306763885478
2024-07-03 06:00:00+02:00,3.857578739259993,3.4932492138860622,4.713345189333356,5.701616003490964,4.1694320471307735,4.052091558685654,3.7584093473989566,5.355376205575822
2024-07-03 07:00:00+02:00,3.3555365450623613,5.759288051455852,4.983692674877473,3.5081864715727464,5.0222014569286895,4.605545263952978,5.655068898812666,4.0704995165638245
2024-07-03 08:00:00+02:00,4.209069617235043,3.9480267723680535,4.011039772419854,4.382842350521444,4.581351216497911,4.56901035274895,3.4118168244008484,3.3740606880816033
2024-07-03 09:00:00+02:00,4.737511754385304,3.009563793756942,4.321751097229091,5.526921282528987,3.7088911329377896,3.344746168533588,5.860332834995082,4.709640896478134
2024-07-03 10:00:00+02:00,3.238880944656721,3.221500143441148,4.560382881590075,5.298603429061286,3.8245874347080013,3.6521395895088684,3.836108905274764,5.0366725108910675
2024-07-03 11:00:00+02:00,3.185126804367536,5.5153916428042935,4.781804023331765,3.430168423415394,3.995871006829446,3.4943381872818393,4.409980985856585,4.673902521394552
2024-07-03 12:00:00+02:00,5.698082587788042,4.872353643742729,6.334336704876067,4.704431218554193,5.403285306013153,3.055269328760538,4.195806373299167,5.8505258685008386
2024-07-03 13:00:00+02:00,5.877544295376189,4.858822414753626,6.117411555505498,3.7912611647972203,4.634874268123975,5.521708819886587,5.126196548731166,4.354623524026977
2024-07-03 14:00:00+02:00,5.725953206040875,3.0390923079810683,5.715946986152393,5.637353124680962,3.3466268558203476,3.478344119857518,5.918293864974345,4.218260204112481
2024-07-03 15:00:00+02:00,3.284437795080073,5.978315946105158,6.244536060842067,3.305365126372644,5.390604364867009,3.925599252800463,5.794844660249239,3.4584873676649446
2024-07-03 16:00:00+02:00,5.92099279392892,4.332209573926972,6.055761842945367,5.574883644991562,4.60219833452369,3.3273389315136632,5.61720860851125,3.8315765834390785
2024-07-03 17:00:00+02:00,4.38440344087972,5.323574284246002,6.9189639812926185,3.2802465510585512,5.276697714968119,5.30638907123765,5.043972549742465,4.81660027521747
2024-07-03 18:00:00+02:00,4.997797009721634,4.331340322705577,6.9205140593370675,4.07640899492739,4.979681475368276,5.966288513383425,3.9443683216528056,3.7061406163622275
2024-07-03 19:00:00+02:00,5.759884757009419,4.395954772200362,4.808724427861026,5.538084633565092,3.112374032871209,4.423843093367351,5.940047569653789,5.607181119286628
2024-07-03 20:00:00+02:00,3.243093228482361,3.0905801840155096,6.917705608659083,4.31377284413712,3.85357486664595,3.665349194138224,5.379560943958171,4.20701830613802
2024-07-03 21:00:00+02:00,3.873266070363886,5.808819590877031,6.559838103805737,3.84826818611984,4.582916146223146,5.81879568983139,4.585542517803354,5.367893511945681
2024-07-03 22:00:00+02:00,5.042238057011007,4.985961346564355,5.991325187580528,5.423388868713859,3.421983899945346,5.211594419449341,4.035869309422694,3.582770613520992
2024-07-03 23:00:00+02:00,3.012703702336696,4.319522964786451,6.7659085916536865,5.541168827347205,4.785822706587362,5.143548365264354,5.601088523091545,5.251893395679058
2024-07-04 00:00:00+02:00,4.601812182418817,5.59093865821311,6.090120731251287,3.6452314122897906,3.487901206328293,4.883905716654988,4.410651659329556,4.086786900061266
2024-07-04 01:00:00+02:00,3.9026092379938997,5.647084062942186,5.917601283605383,3.4599347651464103,5.908910335341873,3.733248136302081,4.500603695752838,5.564028361599059
2024-07-04 02:00:00+02:00,3.2972242724340495,5.406958597135277,6.33691530434129,3.1323570978348445,5.009926824154576,5.483339729554638,3.255613508488067,3.1381683687191737
2024-07-04 03:00:00+02:00,3.3345178981628103,5.941749092125198,6.949564343270472,5.288318476460776,4.276603488361127,5.991227753808617,4.943513346304229,3.4657222551458866
2024-07-04 04:00:00+02:00,3.094180925210967,3.886171103841201,5.30025258988529,4.740285357222377,3.784031543748848,3.9881570624718803,4.881292973595225,5.378421856711292
2024-07-04 05:00:00+02:00,4.058029987643329,3.9641833058975955,6.59455413069048,3.174225628548793,5.921063362095998,5.621185461501781,4.968506342513976,3.6249629578571105
2024-07-04 06:00:00+02:00,3.276686063705193,3.6456703152808485,5.193674192366071,3.339474055680661,4.56881897479238,4.181922729004816,4.876213010653544,3.140193648254347
2024-07-04 07:00:00+02:00,5.217163044612802,5.3405324952873,5.328491688531127,5.589692559720435,5.048684181397685,4.36905779592597,4.234484225263516,4.773017945368895
2024-07-04 08:00:00+02:00,5.465486718728801,4.684640768515171,6.653437244925151,4.57490330962842,3.8065691573947573,5.981282622267205,4.942510547584357,3.781473489269138
2024-07-04 09:00:00+02:00,3.962790724641299,5.943221729285639,6.498094233380449,4.3971442083129615,3.0668474311950926,5.181571962085139,5.343905734281932,5.082837576332853
2024-07-04 10:00:00+02:00,4.695018626508605,3.0210828789244766,5.3768651458331576,5.970419308671595,3.9576363760289404,5.978168233648517,5.557330076184538,3.916886471797881
2024-07-04 11:00:00+02:00,5.741585630175859,4.887296735588005,5.90417905563281,3.9603850171468435,5.506127709057917,3.124250447087164,5.886089649770709,4.255725472863383
2024-07-04 12:00:00+02:00,5.727618308140051,4.970400989641951,4.430588313039876,3.8420550303189684,5.869087256668958,3.6968591831783773,4.103048215407856,5.832653473564148
2024-07-04 13:00:00+02:00,4.542649817936546,5.697012030791792,6.811838913598865,4.819697512138647,5.5620643975184505,4.39296469873016,4.7814300701272066,4.686664604593961
2024-07-04 14:00:00+02:00,4.602532142731857,3.71613734751387,6.83614981318984,3.5077692851616806,3.4521350297183266,5.785417344825274,5.999744220242342,3.0680881450025987
2024-07-04 15:00:00+02:00,5.154657753638887,5.602773073254793,4.827475726643629,5.430338251199681,5.99883306313447,5.417006012467592,4.9012585918443285,5.10965841185755
2024-07-04 16:00:00+02:00,5.272081671808866,5.45162403223698,4.014631099371173,4.19713655784189,3.5728582278477328,4.8106379874629805,4.716512075638219,3.079966838404943
2024-07-04 17:00:00+02:00,3.264767846815427,5.362361741288036,5.490981017166716,5.404245483951973,5.2940673274085555,5.183237468069963,3.6007389810304575,3.4797906551872337
2024-07-04 18:00:00+02:00,3.312514595695388,5.175904078093264,5.122356921111258,5.247118285852456,3.667170743021348,5.611856094061386,4.298437169340544,5.038868596116772
2024-07-04 19:00:00+02:00,3.774979457064098,5.1975591973515245,5.831930583742352,4.983194462934694,3.2066089008643712,5.977330434213022,4.694102682220095,5.5489844064030835
2024-07-04 20:00:00+02:00,5.734914316592664,5.560873743620637,6.507904374030671,4.477171259939265,4.658165210767768,4.4202155944329125,5.691654520048118,3.9257711363148
2024-07-04 21:00:00+02:00,5.3473877851958,4.497697020014244,4.178924435533245,5.281780067244136,4.722632996069133,3.3041104887853985,5.280159945151753,4.050354424095023
2024-07-04 22:00:00+02:00,4.703530021632769,5.96510105842928,4.746551913846957,3.636843444241255,4.582606795434468,3.4277564074511435,3.4311435830372785,5.620368538820335
2024-07-04 23:00:00+02:00,4.124038239343509,3.605648995551433,5.318961742139967,3.052449263550408,5.243101931944542,5.960794389729584,3.198178803037342,4.380028816048673
2024-07-05 00:00:00+02:00,3.5378567263742378,4.784411287822339,5.822663152985535,3.13791026309506,5.366725476621488,3.2747693731224596,5.417011903228792,3.003700654613278
2024-07-05 01:00:00+02:00,3.686446808046032,5.301521261048589,6.83562123826349,3.9654736525942065,4.088977406474814,4.383944408194349,5.693676499565214,3.8032706696428047
2024-07-05 02:00:00+02:00,4.985928459382713,5.155185568750385,5.738805248156949,4.782258325189,4.923150266696706,5.756128283567362,4.513068143489429,3.3603556225952955
2024-07-05 03:00:00+02:00,3.2675216566702514,5.657675988115448,5.397201302254405,4.670545605849295,3.5620967960197727,5.076567843673784,4.183339137989727,3.938217415960011
2024-07-05 04:00:00+02:00,3.4858161130398586,4.1739125786548055,6.970072445059096,4.45549904512114,5.375335605554212,5.7756263260541,3.913060793633945,5.994614065116431
2024-07-05 05:00:00+02:00,5.086427843038428,5.009119446568294,4.9375518516493155,3.1706255807976285,3.9221550916749144,3.9700602624431465,3.788148895896616,4.8897337921967265
2024-07-05 06:00:00+02:00,5.303398174090764,4.65488609848923,4.371747386154299,4.856162043495554,5.081687919274098,4.492919518130633,4.516450609203279,4.333069231824385
2024-07-05 07:00:00+02:00,3.4887905027776513,4.787135587517776,5.802107225386224,3.1036122291291734,5.927571095344238,5.653044166042586,5.244928381070564,3.8267257991099224
2024-07-05 08:00:00+02:00,3.6959362621355094,5.044221180862894,4.208177872274951,3.1751269814514846,4.077867012999278,4.165514699113982,4.205966254538539,3.295431857639414
2024-07-05 09:00:00+02:00,4.883877907818036,4.627251595545014,6.57509989224722,3.2830968677948382,5.8650966440548515,4.44704843104342,5.39589005806949,3.8153147992795056
2024-07-05 10:00:00+02:00,5.04848995929373,3.426243326286051,6.95207124242171,4.257715656676558,5.181440276712011,3.1037190739087244,4.180907232381302,3.374242411533067
2024-07-05 11:00:00+02:00,3.7223249306141533,5.452055221156932,4.61990623031626,4.630047803480963,5.010314402468381,3.1771306267595287,4.613122342510595,3.6357753421241186
2024-07-05 12:00:00+02:00,5.14179048524637,5.229599200536759,6.4276819247274375,3.2043695278469397,5.940008758559715,5.227963553945025,5.427269425207532,3.9485410731443666
2024-07-05 13:00:00+02:00,5.1560894262164245,4.810770119695643,4.133752302829072,5.35335936123821,3.4247499881963765,4.212035213626139,4.718888569808109,5.19506777137846
2024-07-05 14:00:00+02:00,5.60850968855301,5.279797397613304,4.975915796217152,5.201317409388934,3.241067483755249,5.8059470165145575,5.4942162374158965,4.004395610684182
2024-07-05 15:00:00+02:00,4.698780013515449,4.42746250906461,4.916306212898934,3.3502074920239595,4.458069355506174,5.202036935591138,3.168691633947648,4.685218263640044
2024-07-05 16:00:00+02:00,4.1375180599496675,3.756082959007811,5.101388525721579,3.029914179632626,5.618293819048194,5.777531470186861,4.741316982887989,4.919327634298738
2024-07-05 17:00:00+02:00,3.609040215361457,5.795732584531109,4.9129279532221695,5.996247150942238,4.738552039591129,3.6701037939873906,5.296735776057909,3.6505858839250314
2024-07-05 18:00:00+02:00,3.286700784165544,3.8724426129072356,6.60701530693824,4.996366268883515,5.692260341293179,4.941436795767649,3.31331476481511,5.828547900743916
2024-07-05 19:00:00+02:00,3.807844513866234,4.046542407750788,5.38411813079567,3.0076627748038103,4.552716785849423,5.331808784802758,3.2307284721415592,5.164728250327492
2024-07-05 20:00:00+02:00,4.912479615860227,5.475805403441484,6.6684373971844355,5.983014066862601,3.7977691192795824,5.694820886077866,3.249898498121703,3.9835602523287337
2024-07-05 21:00:00+02:00,3.7115320847491287,3.1600487463384117,4.440204284417199,4.540264083304539,5.382867589057856,4.725699098615654,3.5278571524159807,5.473296401429458
2024-07-05 22:00:00+02:00,3.4860260499119917,5.763363202454904,6.427164442207078,3.373554748316125,3.154720664040179,4.30360978120393,4.7632429188674195,3.8387616570665894
2024-07-05 23:00:00+02:00,5.332398326344499,4.110652479341714,4.960090380659968,3.3469379828420025,5.56084505740159,3.0450317205639794,3.0047389574277927,4.898933592935131
2024-07-06 00:00:00+02:00,4.136901527695759,5.945723392054196,5.443625141119686,3.004652043367168,4.811335798973699,5.154867222908864,4.9955281915629595,4.288754885605427
2024-07-06 01:00:00+02:00,4.353396653586323,4.449890333312669,6.517110956223976,5.807843333437372,3.957026693573195,4.579157444025061,4.504516641815568,3.134486184955486
2024-07-06 02:00:00+02:00,5.138064094641044,5.591050360305664,5.516806506945429,3.7165405348110356,3.448778662890046,5.196258294706084,4.979160573498067,5.800611826071343
2024-07-06 03:00:00+02:00,3.721720798412119,5.402178706400939,5.179198164685862,5.143023303461817,5.728699857701723,4.917034140374368,3.995594980520828,5.603476714480885
2024-07-06 04:00:00+02:00,4.320278640138577,5.091742287732488,5.770794840069652,3.181680167695202,5.391956145540204,5.716275819797267,5.755629843348632,5.790597711492801
2024-07-06 05:00:00+02:00,5.761122767412394,4.743268496961462,6.058780009716824,3.2927826637751183,3.565290903156807,4.185777907115733,4.890133432989246,5.68706074688123
2024-07-06 06:00:00+02:00,5.350762521092555,3.562044825022617,5.763329915553224,3.434734708170913,5.212767283865674,4.9496533687831965,5.057210329225963,3.3510176470630695
2024-07-06 07:00:00+02:00,4.188327184135199,4.984780338082032,5.809558084084298,3.2346681842587075,5.791190188379542,4.61328304586657,3.53524945116712,5.204220732580966
2024-07-06 08:00:00+02:00,4.823943047713303,5.900858532785129,5.660181480817762,4.470932006864231,4.509421925113586,4.317577330358752,4.60066650669396,3.178584763929314
2024-07-06 09:00:00+02:00,5.977457757472328,3.022135588101703,5.333313960622514,4.0455073160400925,4.944836680907816,5.433996432258113,5.329490728560842,3.4824904468273994
2024-07-06 10:00:00+02:00,4.369482651452615,4.177310312093626,4.345871458413586,4.980981238807688,3.9002249441347967,4.332488724601681,3.3302838663246987,3.562213645878962
2024-07-06 11:00:00+02:00,3.1457592326068937,3.2308747656629633,5.12314692337009,5.444240006721841,4.35208498584777,5.689171263230689,3.293422327441422,5.865328305542829
2024-07-06 12:00:00+02:00,5.8609472401751646,4.973948140611046,4.740098441439432,4.321470572668466,5.544159658232642,4.576049990066745,3.092635375775091,3.1856188608593508
2024-07-06 13:00:00+02:00,4.558414582017159,3.931952487572808,4.1164121882297,4.456408246006273,3.9207905380693493,4.371644736037505,4.673822608106732,5.0075266321984415
2024-07-06 14:00:00+02:00,5.925494519287168,5.729127929148774,6.361814872801474,4.451727204223412,4.585422646226058,3.852974022682928,3.864760555453908,4.694303273943746
2024-07-06 15:00:00+02:00,3.261225448622376,4.299258664997919,6.046072528574209,5.251514613705317,3.600885940228798,3.5016563259079425,5.817853049419632,4.756279478746833
2024-07-06 16:00:00+02:00,4.0859361516491255,4.158905017446503,5.6150223191330415,3.1549784682521977,3.238950994753892,3.1048130424867977,3.7827577244595982,3.0074306318710646
2024-07-06 17:00:00+02:00,5.769041981011901,3.0624384675107335,6.705065621705828,5.952842873218891,5.8628870798830635,3.93582505043002,3.6610484481106234,4.886512526356781
2024-07-06 18:00:00+02:00,5.538541370376346,5.777350668132147,4.622309569123809,5.9570764722976675,3.2950003171415028,4.887283363987253,5.315355851321722,3.4748448308803477
2024-07-06 19:00:00+02:00,3.37205943465066,4.010480235039504,4.5513839465466805,3.2962550383319282,3.7821424671018717,4.425864333878197,5.9294721507578085,5.46061070478644
2024-07-06 20:00:00+02:00,5.753165528488907,3.565619101622096,5.30378921972139,4.184242521629006,3.530629292550534,4.909685010531355,3.1213454398777047,3.7971479241761075
2024-07-06 21:00:00+02:00,3.2478800706854014,3.7084886553971037,5.850889716386268,4.438297475683052,5.715390414473804,3.6211052698742487,4.619372319235561,3.409782670316331
2024-07-06 22:00:00+02:00,5.3756557427785605,5.2814689660494265,5.836167259792737,4.959948961073126,4.966184848996759,5.102931446754885,5.568502041349641,4.938413283122957
2024-07-06 23:00:00+02:00,3.2101743625200942,3.4143381171795033,6.206293248697041,5.854096257028578,4.389861718217238,5.86457894126061,5.254096878980899,5.96267337332294
2024-07-07 00:00:00+02:00,5.1957746498516535,4.930267858082875,5.265408899951523,4.326591239949778,3.686772489253361,5.8380665991014995,4.4818812551695295,3.1314677646436815
2024-07-07 01:00:00+02:00,5.126417133875687,4.140446411800312,4.050877842468807,3.7819845499545903,3.339704178080682,5.9555659281903015,5.324197060125293,5.311435861758701
2024-07-07 02:00:00+02:00,3.447720896735694,5.539724445024386,5.7136271059278885,4.628715660377262,4.434803076943574,3.9594884079003076,4.030637250271919,3.0023260064030786
2024-07-07 03:00:00+02:00,3.4303258904524507,4.900474046537802,4.649618083577188,3.357807702828403,3.885343201751991,4.4797564782092465,5.513595706380973,3.566163498135735
2024-07-07 04:00:00+02:00,4.72448036467661,5.230597417053416,6.830224267197512,3.8362071201060894,5.255817105558488,4.298518783117523,3.049397919171123,4.931307747908221
2024-07-07 05:00:00+02:00,5.843688815155251,5.532784217857706,5.991440343045915,5.2635079991517575,4.314781892212466,4.373420627192966,5.866655768614385,5.958301009253404
2024-07-07 06:00:00+02:00,4.439526752592586,4.2511110100593115,4.04671126662186,3.3437012012938734,5.392780440383159,5.957911325014435,5.245740477707675,3.61385746965592
2024-07-07 07:00:00+02:00,5.5159533730303885,3.617667015865438,4.918786871961574,5.283703358189918,4.138511855842621,4.080106008126715,3.011866149508977,5.602249291343732
2024-07-07 08:00:00+02:00,5.908245905130288,5.168117076032649,6.434107077824713,5.737377430812574,4.1036852864400135,3.9069127717038015,4.717451134939418,3.979869440363824
2024-07-07 09:00:00+02:00,3.5855332427839186,4.949053091609102,6.677253562738043,4.220045555779782,3.738467761809912,5.9498644643018554,4.332139127959257,4.321408649245696
2024-07-07 10:00:00+02:00,3.0426935547497447,5.794479434909269,5.814723535712247,5.069256594188634,4.337619643034197,5.75835703870278,3.1174781629979775,4.212911168768534
2024-07-07 11:00:00+02:00,5.833417646498489,4.53356762139794,5.40554506857219,4.498178660983245,3.8917339918742058,5.679709897615905,3.9910113375755123,4.495847700248218
2024-07-07 12:00:00+02:00,4.597185217574561,5.094614853307282,4.640844455301386,3.0326588289391605,4.040238538407339,3.1439798252716926,3.1122697351968336,4.801957305125023
2024-07-07 13:00:00+02:00,3.455340264977992,3.713558406896234,6.3918647936541255,5.83487506673512,3.092402874545755,4.061288026390491,4.158478871784051,3.8569301517134407
2024-07-07 14:00:00+02:00,5.020338326268917,3.4544933759186347,4.738255938590216,3.054790375288388,3.7930813865613087,4.009504519748395,5.9803463084186825,4.582262235378888
2024-07-07 15:00:00+02:00,4.30025405327178,3.9873954758157724,6.66104153293432,5.9212080384290395,5.18709758469983,4.864583474592181,4.450260660387719,5.113359157060329
2024-07-07 16:00:00+02:00,3.6253908356447138,3.469336595522342,4.542768202812171,4.592914809784749,4.364755903519127,5.925442358815546,3.231041814779178,3.0571486465425752
2024-07-07 17:00:00+02:00,3.3400057364428397,3.9953150868217917,4.223125669242051,4.514382405573224,3.086887852839184,5.800832177436649,4.050381654232522,4.783600726994292
2024-07-07 18:00:00+02:00,3.55599164850549,3.2154888945917834,4.595511258046894,5.941724232054419,3.8021040729761264,3.202585086423245,3.4496453715017297,4.791112666289367
2024-07-07 19:00:00+02:00,4.467972713654334,3.267828918072545,6.85920550442851,5.826265051004145,3.309368210313728,4.00940079497892,4.874969678410854,4.389803521611746
2024-07-07 20:00:00+02:00,3.595512719832388,5.126829712680829,6.76259591978532,3.317724301759304,5.200385089902038,4.756651874925762,5.570834946991977,4.9060472818668535
2024-07-07 21:00:00+02:00,5.88108700321931,3.4695597662288957,5.98665498003583,4.056948913482453,4.59655277107442,4.890075895712343,4.5806662251473504,4.821633931953235
2024-07-07 22:00:00+02:00,4.692196727307689,4.402195882288926,5.536883855183877,4.314013292491133,4.0892965870030755,5.770523755133111,4.047690055652081,5.048609562062726
2024-07-07 23:00:00+02:00,3.0786849013579474,5.938963025363641,4.858892660421737,3.108323128179851,3.6057320835108904,4.660969161252898,4.4974116410132225,4.241312868495841
2024-07-08 00:00:00+02:00,4.544318948953629,3.773304036255477,4.209874879053938,5.191668915298026,3.7392084990962116,3.2212776008417716,4.061482593745683,3.960085266120295
2024-07-08 01:00:00+02:00,4.020971279583015,4.559659046610737,4.601516080881115,4.976316996482586,5.036036869488655,3.934398702767063,3.4504502149959846,5.668968341237475
2024-07-08 02:00:00+02:00,4.7183944112577905,5.655192508337473,5.823220277534599,3.085128596684915,4.7455348266103945,5.5307907264083775,5.534156217709455,3.433380307836667
2024-07-08 03:00:00+02:00,4.012456448642184,5.4944616003350895,6.409602118597437,3.671216837355623,4.0053240963070715,3.2969599778212344,4.498062738658646,5.340415101435429
2024-07-08 04:00:00+02:00,3.6088068146144607,4.551022534128242,6.2816996721441765,3.9687049707028987,3.2179222073554286,5.558020172111003,4.535743446250273,4.321976290833867
2024-07-08 05:00:00+02:00,4.687015640390605,5.613688721400593,4.604520285891278,5.044721543984948,3.161853889652471,5.627210696706937,5.250411553668438,5.742782772184501
2024-07-08 06:00:00+02:00,5.945515168685377,3.371065812850933,4.540120159653628,4.958174687713064,5.934752953951857,3.648162224558257,3.4895823529817838,4.072318052506768
2024-07-08 07:00:00+02:00,4.24026872352007,4.504181215235705,4.084055154047346,3.2207078765736763,4.568824463803815,5.547568086691809,3.37659307354412,4.123713796642752
2024-07-08 08:00:00+02:00,5.4220317617531935,4.469573614842426,6.467367686206847,3.9511982850244958,4.5239714877609964,4.890759072079348,3.168547075750723,3.014851578510288
2024-07-08 09:00:00+02:00,4.098493608975373,4.385724181702636,6.34971023783099,5.429695089920273,3.7892468594409943,3.5869565033516873,3.492767948824924,3.263422953156086
2024-07-08 10:00:00+02:00,5.5974278641564945,3.0864370937583,6.185666963536917,5.855260026608461,5.055303343048985,3.2782106334897265,5.666939622840132,3.6760803333897702
2024-07-08 11:00:00+02:00,4.711613992231451,3.2746734643998723,4.371404698675939,3.3129132279253795,4.762752905498028,5.215974045193135,5.97787901020426,3.0056054808112083
2024-07-08 12:00:00+02:00,3.178662720767357,4.877184906458341,6.073474512312028,4.955672724927515,3.851698820648595,5.652507890889562,3.080408991108011,4.360487326657852
2024-07-08 13:00:00+02:00,5.286052179510189,4.0125676231168566,6.202467032417479,3.4684531929962974,4.950704518560878,4.668515972592672,4.734164669479836,5.519910348824575
2024-07-08 14:00:00+02:00,3.972778673811714,5.765348942982277,6.6266021262723545,4.474875709192923,3.4465711533061416,4.820185863441861,3.5897139409048364,4.535008121560254
2024-07-08 15:00:00+02:00,4.25802410379792,3.1862377836784814,6.4572025527708625,5.614145868564897,5.434310402874032,5.201528990009871,3.044621978361681,5.061544681372242
2024-07-08 16:00:00+02:00,4.541620815596763,3.1247403902834776,5.963981021386701,4.544196703263697,4.687137878839465,3.846957445218007,5.300221112558469,3.427643920524528
2024-07-08 17:00:00+02:00,3.540800223586787,5.352306847234564,6.129735317777657,4.22029136754815,4.082374738944309,3.9744407396280237,3.135789974697499,4.462750774469039
2024-07-08 18:00:00+02:00,4.8630318016670895,5.2685314911249,4.249949140750745,3.7693630185631335,4.092934373099989,4.322631250629495,4.827442160125195,4.762072007551936
2024-07-08 19:00:00+02:00,4.524141573143592,4.116229405380042,5.731135360322626,5.531582471968957,3.6936885987273644,4.82147710555111,3.168062767898181,4.446107799041117
2024-07-08 20:00:00+02:00,3.453809155282402,4.785102162742854,5.8795420077203975,3.553106442169646,4.2142026054904305,5.321860541274382,4.807571285106132,3.394804520089268
2024-07-08 21:00:00+02:00,3.3753914005715417,4.984808330287347,6.485418984511754,4.275405476931512,4.8684757710193605,3.6449677839957,5.66687646017678,4.617279647575585
2024-07-08 22:00:00+02:00,5.3487954675779115,3.149369622401518,5.15728516330856,4.21897633191644,4.290810361383074,3.792347375814535,4.65976471628794,3.8652763857351666
2024-07-08 23:00:00+02:00,4.067569648364767,4.744181817147827,5.457034784212718,4.592983426906638,3.810556443296443,4.17163718980212,5.906422728469025,4.215115535276494
2024-07-09 00:00:00+02:00,3.2289017220860616,5.602016884804882,6.149529011168396,3.9275838414110744,4.423679763333277,4.701375717336073,3.482241217897975,3.1760201728954245
2024-07-09 01:00:00+02:00,5.768094293961377,5.5441243133801,4.438492884046558,3.416985823767846,4.72232336073488,4.957710447893854,3.247369613585927,5.662833807794381
2024-07-09 02:00:00+02:00,3.832614971900151,3.8909630536131274,4.0000709456463195,4.786809274358687,5.4584186170221844,3.7594197696776397,5.698329572567126,3.9119334056700237
2024-07-09 03:00:00+02:00,3.786470816857883,4.1548384993182035,4.56225530114198,3.04348588913388,5.857556299073545,3.4052313570093022,4.394373620150073,5.298009087820716
2024-07-09 04:00:00+02:00,5.380218075198669,5.039212271851896,4.5461494835004945,4.229807629254847,5.8110782523735915,3.282908957617197,4.5572001734680425,5.21387939885646
2024-07-09 05:00:00+02:00,3.9721745412681844,5.288899615451216,4.636137364379807,3.6969689555053704,4.2551262240763394,3.9229014583774373,3.4347181454114133,3.784081698745827
2024-07-09 06:00:00+02:00,4.760597013204417,4.3530302810318915,4.823724769012791,3.61635602795645,3.7732533874487753,4.855134260832062,5.589812438037294,5.001462057825102
2024-07-09 07:00:00+02:00,3.591384791999242,4.836039280669056,4.295425718066853,3.0506819292556284,5.413411826894632,5.0822808984247905,5.373729331512078,3.2365290339888664
2024-07-09 08:00:00+02:00,5.138534527054142,3.104244828032731,5.656178832824889,3.5263961694149044,4.10995799380852,3.887340265067963,4.361652071065214,4.668590739007212
2024-07-09 09:00:00+02:00,4.328927729197575,5.16296063000177,4.562682897602008,3.053093842348683,4.280668169566679,4.188467193703071,4.792646038135144,3.323499605163575
2024-07-09 10:00:00+02:00,3.7496741848110564,3.2510223480762215,4.08359083594462,4.072849784431713,4.082862115173925,3.3337261982265955,5.802377473967959,5.758272982115933
2024-07-09 11:00:00+02:00,4.205624195062927,4.92493139447576,4.48295238495987,5.370974875509353,4.364735626356833,4.0365418963472965,5.449814550104761,5.753412101257837
2024-07-09 12:00:00+02:00,5.9005901868768955,3.43348682831702,4.100857581247611,4.861485318376183,4.39462809364682,3.4890532250833624,3.803946575997731,5.2042891794895585
2024-07-09 13:00:00+02:00,5.107304705712254,3.059445804483201,5.728479068175535,3.5483902157963016,5.543421841835078,5.248732339770464,4.082139581935187,5.042857300993001
2024-07-09 14:00:00+02:00,4.69022694349408,3.9657877409852915,5.8162460411114445,4.768888909218216,4.5521984718247825,5.441611672241999,4.862588471858869,4.466166392658925
2024-07-09 15:00:00+02:00,5.13249085987128,3.4041614356507868,5.043211456551532,3.016736601129275,4.142427344930964,4.421492152925987,4.444668369567647,4.258325695542806
2024-07-09 16:00:00+02:00,4.556362774898331,4.3238362141253734,5.525369565229564,5.199897551095478,4.548504240387181,5.618477807409498,3.2111623545443195,5.128128474153922
2024-07-09 17:00:00+02:00,3.355774803890518,4.48509688364959,4.2111746364623555,5.5368140082712145,3.273605016184163,3.719546277752846,5.135462236080494,4.60316823245307
2024-07-09 18:00:00+02:00,5.065040109123963,4.419133165444231,6.509082510576151,3.772033751100979,3.8148921749394757,3.912496638735861,4.997181793883407,3.319881131455479
2024-07-09 19:00:00+02:00,4.485437764597466,5.281869695842469,6.009158419584804,3.1170145906841733,3.1262026608304194,5.96915220653764,4.9120289411307585,3.420215801625973
2024-07-09 20:00:00+02:00,4.087888287066184,5.704000393505131,5.524916131921476,3.0757852910044967,4.610903061052557,3.34615837580948,4.217158082613151,5.086646529390639
2024-07-09 21:00:00+02:00,5.648441929492068,5.786640605526081,6.169702475565396,4.741944317120249,5.37077259684733,3.5025207911809897,4.753050313483791,4.662855351532764
2024-07-09 22:00:00+02:00,4.363395755430333,3.0832708268976305,6.682623426926323,4.761857115081817,4.941141701549745,3.0619988658192185,4.459066037940258,4.0179653770386174
2024-07-09 23:00:00+02:00,3.6118076586443495,5.303408872037315,4.985974160354101,3.109566529000426,5.251945038359497,4.496840158488421,3.840260057970968,3.4345830268878714
2024-07-10 00:00:00+02:00,5.226950325348754,5.985337129809693,6.315318265289942,5.760273237465442,4.052087748511795,3.548603792678605,3.697492148799876,5.900973902571711
2024-07-10 01:00:00+02:00,5.080800067494337,4.860823836506413,6.916714383635134,4.21494264779643,5.320823889232722,4.605509530094486,3.941086049643091,4.814067960725189
2024-07-10 02:00:00+02:00,5.715533663052211,3.55371088816762,4.177427533173949,3.3114535171017323,3.0940390256466017,3.098057767340758,4.113965172423591,5.472446658385246
2024-07-10 03:00:00+02:00,3.088253151702637,5.913108637664811,4.211963606757749,5.827714473830295,3.4635493608421304,4.054935204440562,4.881214121607184,5.82701188992796
2024-07-10 04:00:00+02:00,3.1328033596020166,4.6502366406208395,5.538345888760018,4.270499548381615,3.965819132663199,5.938980001357569,4.855646916517137,4.7079155064467395
2024-07-10 05:00:00+02:00,5.290102627117063,3.133547863365482,6.136559198009872,3.0724452763630614,4.802574709569132,3.616310300506593,5.87960096723385,3.86256748716746
2024-07-10 06:00:00+02:00,5.0896695629595,5.190468265446419,4.607134538543131,5.7651151740288515,5.701593567466692,3.86451383252408,5.19673776352603,5.831983880367904
2024-07-10 07:00:00+02:00,4.852973135358925,4.124289485657077,4.241790722576358,4.490693150211781,3.9317605264598203,4.724508722587032,4.871420105669164,4.819372467995006
2024-07-10 08:00:00+02:00,3.083754618301187,3.9084088693645818,5.432619004633794,4.914555082329041,3.994660363982388,4.877086261148519,3.7263107187639006,4.6780864722725095
2024-07-10 09:00:00+02:00,5.4202268916673635,3.188434100230923,5.60877652217964,5.836872299950633,4.767297405037175,5.078497368748704,4.785712743822434,3.603519763720544
2024-07-10 10:00:00+02:00,5.942558767969583,4.184955089679705,6.637431928193775,4.3562251879619565,5.1364887282486,5.412020822213381,4.516812010180563,3.6540988659247335
2024-07-10 11:00:00+02:00,5.896186586665518,3.5869204808568287,6.459625737853703,4.396627827603864,5.395227061424528,3.745397762928523,5.733043724612555,5.653930586630019
2024-07-10 12:00:00+02:00,3.3957696663597456,3.9177481391668088,4.5610907781390715,3.307845559329749,4.973440915402489,3.751839992639824,4.074087776280963,4.343143621054075
2024-07-10 13:00:00+02:00,5.095269438591337,5.2041190949864164,5.9056242549034685,5.938839273495897,4.93497698629664,5.245105340312603,3.7142762852420916,3.3077225108532824
2024-07-10 14:00:00+02:00,4.210742699249637,3.650718548131711,5.566218276134353,3.02557503182211,3.227818980311592,4.190789496580713,4.711664670434531,3.168696556993332
2024-07-10 15:00:00+02:00,3.8733111548560295,5.165112862950372,4.907585750029377,5.813147598050346,4.279833438605193,5.989336192599234,5.001818712196741,3.774424715881843
2024-07-10 16:00:00+02:00,4.529162635554645,4.004116411513078,4.874861025820407,4.143657521630859,3.2509672600364192,4.101980652634666,5.603270705556544,4.151724798878406
2024-07-10 17:00:00+02:00,3.6580355383065384,4.063459361621253,4.7257368445634995,4.371950730165141,4.733622624917845,3.3731444508245376,4.078113327755672,3.9167880776609247
2024-07-10 18:00:00+02:00,3.6909979093841563,4.422064036559602,5.378263172995913,3.548901316521894,5.855482918484331,5.315744949033371,5.303653115885864,4.944038453671688
2024-07-10 19:00:00+02:00,4.7555833153092335,4.179143167896471,4.873500851691457,3.7923972009865095,5.052010561600571,5.335621814431953,5.0351774938199565,5.526671287535244
2024-07-10 20:00:00+02:00,5.875428790805122,4.675871606412093,6.670478569257209,5.242308174333498,4.825473953012894,4.966767234443927,4.659724134254761,4.41513364180355
2024-07-10 21:00:00+02:00,5.5622932076842435,3.5173844274473627,4.513608635187413,3.505355616407963,5.279794908156325,3.225808960876067,3.191995457521911,5.905143890509451
2024-07-10 22:00:00+02:00,3.657781224196603,3.0051598005220264,6.646555730469452,3.1812575638315543,3.3743626709418026,4.810383547052734,3.8512282486722333,5.057283924908815
2024-07-10 23:00:00+02:00,3.252887746825859,4.207364276818632,5.388503873149987,5.583434302392739,3.5524439201396096,4.102330534302844,4.723088490712524,5.064728934494171
2024-07-11 00:00:00+02:00,5.80529418097198,3.276506357560943,6.79069081187353,4.1182648249512654,4.673719269371756,3.216810066972406,4.194393457754343,3.5460352295277073
2024-07-11 01:00:00+02:00,5.084667448736546,3.368700577247333,5.7672783101845795,3.6740815825806923,4.159318778239371,3.84270737242743,5.744393935530225,5.330923971575342
2024-07-11 02:00:00+02:00,4.649614310887195,3.7351717324469975,5.530971113939405,5.800576970814505,5.431979831174312,3.7988538293520198,5.847244513178118,3.029941456547962
2024-07-11 03:00:00+02:00,3.289342915331999,5.455061001769301,5.861987830289507,4.856162386032079,5.919062690517732,4.537142092187923,3.8021935699313985,3.699597641927979
2024-07-11 04:00:00+02:00,5.347400779977298,5.390591944179785,5.943526346651768,5.7370229578355625,5.981899967981169,3.2046602105368898,3.3792487335383044,4.405997581011154
2024-07-11 05:00:00+02:00,3.2866330083713544,5.406555999495987,4.19800852160666,3.3567176893978052,5.661601697265783,3.5599014272295872,3.968821619410515,4.490706658589511
2024-07-11 06:00:00+02:00,4.946374222369609,3.4962783228289016,6.683909687248149,5.338010487514042,5.07912994841025,4.306956675402292,4.775508682828618,5.456517464272617
2024-07-11 07:00:00+02:00,5.80903505697388,4.804159096727886,6.557210463419862,5.2149448281633015,3.316912330388048,3.5035117248802616,3.2636555258570876,4.607415130782642
2024-07-11 08:00:00+02:00,5.8216842649911325,4.889661900865156,5.896457669719622,5.388228894529088,4.858916016890256,3.6043333226144223,5.2941719777643845,4.4630366382377105
2024-07-11 09:00:00+02:00,5.0135601664069585,5.01288349758128,6.345782533550503,4.016829448787739,3.1872493015109717,4.771752588214512,4.7843559249463725,4.942377732363142
2024-07-11 10:00:00+02:00,5.405662983599119,5.727654321997746,5.984146453700952,3.3495278345933084,5.34578140019729,4.137004831939688,5.2329433954371325,3.5462464516859327
2024-07-11 11:00:00+02:00,3.8290066542519536,4.682813533434837,4.245298656887905,4.45458578076504,5.402054670573437,4.2914179217279695,5.82938612576486,4.177417959788336
2024-07-11 12:00:00+02:00,5.874176181574766,4.363780575437784,6.899964866912307,3.93658692753583,5.6678429008451054,3.662685511363375,3.0522207729041435,5.857471196232817
2024-07-11 13:00:00+02:00,3.724148604017245,3.7018532496719305,4.839495995428633,4.252457522548404,4.9433423028239645,5.772183556216208,4.310716310432738,4.5668881002121875
2024-07-11 14:00:00+02:00,3.9469795351465335,5.657826598257902,6.893288044741089,5.686411606367325,3.988979792852202,3.681194315960769,5.1598781828856115,4.534250292794965
2024-07-11 15:00:00+02:00,5.165368179807489,5.350119367990283,5.015429731394895,5.163778438175639,5.271452350654375,3.7088161319239146,5.311286923600988,3.7477698187981323
2024-07-11 16:00:00+02:00,4.604459513141622,3.8708324985667906,5.030085988314907,3.249457627179046,3.681607245425589,3.391753357633777,5.323230079733946,5.69269277033524
2024-07-11 17:00:00+02:00,5.1504552182943915,5.176694077935663,5.465617851003192,3.8613379344123873,3.158140252251832,5.145617602078525,3.51274404806736,4.168711271294895
2024-07-11 18:00:00+02:00,4.2232269722443885,5.9987095315490615,4.47052740577803,5.434670013924121,4.969399844584007,3.716351141933508,5.5292709250117955,4.6596104723034175
2024-07-11 19:00:00+02:00,3.644656624677645,5.23615339635228,6.041535560966058,4.9840318239949735,5.635982903231281,3.6760015304365754,4.320482891178252,3.046025677479789
2024-07-11 20:00:00+02:00,3.131142542868316,5.4568970641734005,5.089883828860732,5.657705138876306,3.607686881801657,5.062316964692318,4.743947111691968,5.581299160631528
2024-07-11 21:00:00+02:00,4.858981840981592,3.582223438519165,5.79674306230073,4.076016226895076,3.1234428058618553,3.9050857046332137,3.335538249060634,4.229058040256597
2024-07-11 22:00:00+02:00,3.2889200405035117,3.092164842212636,6.571100563374612,5.924626919313261,4.122637765113558,4.546188864841307,4.860355954909743,5.533731808227925
2024-07-11 23:00:00+02:00,4.280676268872728,3.991712339835213,5.518622995610889,4.382680303441015,3.9552199646971227,4.7151461756851605,3.0102185782880966,3.3124979514144544
2024-07-12 00:00:00+02:00,4.315621187910106,5.49102621668611,5.845835029481496,4.336610968221788,5.8015764369204295,4.246626523085771,5.3067747367217235,3.0119881975175824
2024-07-12 01:00:00+02:00,3.951342654869797,3.4246891781212976,6.731391134290332,3.096324967092732,4.305160120982193,4.851909084650672,5.485215226458406,3.495989986890885
2024-07-12 02:00:00+02:00,5.698567576413214,4.632327123432696,6.985432088618792,5.6148015926839125,5.357632450668568,4.159651972019076,3.4365277982538296,5.111304862522475
2024-07-12 03:00:00+02:00,5.04433483246402,5.8799519500912165,5.6747272583396,3.3393414301551507,5.173042012059558,3.4777986914622434,5.4645270516424995,4.223492338699662
2024-07-12 04:00:00+02:00,3.199925297913514,4.083739353516828,5.652370854431805,3.950941631035678,5.230734401485491,5.2942923256925,4.450645763179005,3.6434486864797
2024-07-12 05:00:00+02:00,4.976222849151744,3.466159152702585,6.551108323068614,3.75287218245655,3.5804108637384644,4.001405574138887,3.1424122167591735,4.475139393598722
2024-07-12 06:00:00+02:00,5.475755717195402,5.6365237056813156,4.230102395638793,4.339457368700458,5.811211893854096,5.810278704727451,5.51184187877041,5.808475034887133
2024-07-12 07:00:00+02:00,3.6578034496586262,4.375778885642066,6.22342902566221,4.06136335149509,3.5204241929669817,4.970830974408031,3.227200523067409,5.113104018338432
2024-07-12 08:00:00+02:00,5.699041279820294,3.6128528729591927,4.868183372059156,5.651731804806667,4.842474302353562,5.182712370471848,4.258628115638026,5.973707913953627
2024-07-12 09:00:00+02:00,3.5691706697554446,4.088302708613691,6.1305308836442265,3.461811268697911,5.790358094639185,3.8941049715962803,5.709561315406349,4.435799397603754
2024-07-12 10:00:00+02:00,3.987322948068951,3.9349352370397126,5.447181874211836,5.637455824357781,3.974177213105249,4.502458556437734,3.1817190763060053,5.781689337867296
2024-07-12 11:00:00+02:00,5.0668521749881155,3.1149932242784226,6.130807781276152,5.008088873057553,4.315333743166812,5.215595328306374,3.387510222410114,3.843005211364442
2024-07-12 12:00:00+02:00,5.011388203743592,3.357988964356638,4.027950230663887,4.936079405089644,5.074786516199212,5.721921535520941,4.456834897225975,4.671631155403908
2024-07-12 13:00:00+02:00,4.804874975233196,3.72291789134199,6.448899817564526,4.667310633553864,3.693862274702444,4.786331793591766,4.7175671843491855,4.618085023719173
2024-07-12 14:00:00+02:00,3.4147700499280633,5.551369221456582,5.9104996244867385,4.747703153716056,5.2661064633701065,4.946264987105516,4.185672176960676,4.232648201604888
2024-07-12 15:00:00+02:00,3.4535213115274206,5.8372398181241865,5.757580384722462,5.608192635104039,4.023252148262205,3.3503052122256403,3.645667401948384,5.453380154675347
2024-07-12 16:00:00+02:00,5.323682185631962,4.297540222937666,4.023593153769279,3.548703244059035,5.367201210287354,5.049125081103482,3.24803571925908,3.9190388746485656
2024-07-12 17:00:00+02:00,4.018004120093886,4.581947812406213,6.726881830003402,3.6356713972480725,4.726828909595697,5.439814990107394,3.01599673879032,4.9430128769911805
2024-07-12 18:00:00+02:00,5.444818371629829,5.95611642754884,4.916646121992626,3.3240938913103406,3.622708951250427,5.202721791357039,4.893137651625024,5.88495970173823
2024-07-12 19:00:00+02:00,4.918534445640935,3.2817471028500016,6.421023802314476,5.10712824049473,4.641896187686198,4.311798628276943,5.663540790417622,4.147708142240382
2024-07-12 20:00:00+02:00,5.903535086952492,4.829053803394476,4.457903836226841,5.873872147735888,4.540465668140891,3.3993655292539184,3.0152042435043214,5.733560172031084
2024-07-12 21:00:00+02:00,4.021236333018087,3.452207761026246,5.414769841861435,4.358161328676182,5.102538941838434,4.723650499703409,3.03647916784269,3.6163476180834695
2024-07-12 22:00:00+02:00,3.3465800250405353,4.921610664939747,6.706324024966754,3.609490975707932,4.9146640325473445,4.959869136650684,5.678881422539013,4.552742810860408
2024-07-12 23:00:00+02:00,4.784947468669325,5.518607533095589,6.717515836671631,5.59672002321407,5.389621556023057,3.614478615563473,3.4361008973491414,4.3076229470821925
2024-07-13 00:00:00+02:00,4.168571075062868,5.428389982535315,5.329486496877369,4.098232289720514,5.3553362232792825,5.6472679965614505,4.765972671387255,3.858944994290038
2024-07-13 01:00:00+02:00,4.8608136702226545,5.354695204644771,5.5346808943569235,5.883447178506652,5.714590023889329,4.778377048723242,3.447336252568924,4.094493017354304
2024-07-13 02:00:00+02:00,5.139824857360065,4.342413731082296,4.475010715233974,3.0126477937121465,4.913310287266141,5.564398619031251,3.2771896961858307,4.70234028727399
2024-07-13 03:00:00+02:00,3.2175746403242838,3.482850678388409,4.877637828719816,3.0986863005614866,4.324724925152964,4.466528613757825,5.339472580542125,5.985718859313028
2024-07-13 04:00:00+02:00,4.622573628026743,3.0582075494443357,6.534978988614135,4.5367694556350155,5.526278573673405,5.093053310047844,4.980805073028984,4.213676267177179
2024-07-13 05:00:00+02:00,3.71873187189523,5.392372238099673,5.802038985705895,5.247602676613112,4.751443727552064,3.5147630511505104,5.33716651426939,4.573997756294729
2024-07-13 06:00:00+02:00,4.78590198898921,3.735622943773458,5.878948923278616,3.2971380726975523,3.7848294342391693,4.7591397532569095,5.975688433242248,5.884752146349096
2024-07-13 07:00:00+02:00,3.7337509413672203,5.510908941178725,5.229465058297051,5.972383314668045,5.25077358662018,4.204409387178517,5.614977546368964,4.785491915278697
2024-07-13 08:00:00+02:00,4.751750174947091,3.011338191146726,5.707699989571144,3.530166034832277,4.7009742395742,3.478855721989168,3.150103763162457,5.315687974872305
2024-07-13 09:00:00+02:00,4.132922515583148,3.533090696462148,6.1814824608355945,3.9638659518141135,4.952070525404258,3.10641492680245,4.608906078061962,4.465230096290287
2024-07-13 10:00:00+02:00,5.872629281390246,3.544716386582332,6.125451900859576,4.6476676542098865,4.804308636875061,5.837305852051577,5.90005679749151,4.299822189210429
2024-07-13 11:00:00+02:00,3.8805608489487047,5.765518207756235,6.195266302765661,5.363182804943857,3.818114606172654,3.752763509687449,4.370882405188133,3.4961460959650954
2024-07-13 12:00:00+02:00,5.979101335117424,5.286459360217937,4.656213336800751,4.020493168706652,5.6563125385604645,3.8222613394440903,5.740122084778781,5.316995393351676
2024-07-13 13:00:00+02:00,4.467777964684837,5.834953345943556,4.826055661156233,4.792486949979958,3.2275422677496923,3.1748508300317484,4.149743873826109,3.7371824307937773
2024-07-13 14:00:00+02:00,5.025107763836395,3.0034284284970267,5.862273998562836,4.784913738075945,4.919381400332035,5.2261009018727975,5.978510660903763,4.926802622001588
2024-07-13 15:00:00+02:00,4.328792745796253,5.964557953801438,6.098414640067708,3.4947249181511264,3.99143417174131,5.5458010470624295,5.825538785749253,3.0177511481367763
2024-07-13 16:00:00+02:00,3.0132077647837505,5.625220425249297,6.660841259340876,5.982285803904139,3.4087471508871388,4.199190449104703,4.505679130366387,5.9401735429520555
2024-07-13 17:00:00+02:00,4.493701450665754,5.18035421047858,4.599392789268798,4.4646730712538085,4.24699546118393,3.79606682742339,3.1522688467152324,3.787769180533584
2024-07-13 18:00:00+02:00,4.05071844661485,5.345843219401106,4.0924021636555645,4.463712296275729,3.106267502139574,4.994424613157636,3.6718410277550193,5.189038651329262
2024-07-13 19:00:00+02:00,5.966328510159625,3.4145323600602957,4.551415166733637,5.071217418070399,3.081719225542775,5.169948819564582,4.644028323575966,5.017310528322132
2024-07-13 20:00:00+02:00,3.2218794609016554,5.212087586871496,6.456675117556547,5.198825199985352,3.3549210713840134,4.737470893870081,4.267490461014168,5.792045463294644
2024-07-13 21:00:00+02:00,3.686989433111076,4.196915780890799,5.564609149328298,5.71668018008698,5.917027133217245,4.590322628868756,4.754504677155001,5.904786475919714
2024-07-13 22:00:00+02:00,4.388648057235455,5.1390135189187145,6.297802408332042,4.147535650262741,3.7211394648107117,5.104861049128519,5.495061033236911,4.70823274904795
2024-07-13 23:00:00+02:00,3.590337228079776,3.2486666223291705,6.282017071557908,5.936588376294398,3.5685855601952774,4.881812291995243,3.6469612685882944,4.2993344842160655
2024-07-14 00:00:00+02:00,3.7058740684408664,3.523444378073041,5.461885384678649,4.788816141212566,3.4880703025846795,3.806019234965969,5.760324470997942,4.520859978205852
2024-07-14 01:00:00+02:00,5.500011055774341,5.4949444628636845,6.645034467521993,3.9790416808957754,3.190175751326337,5.415467417628811,3.9969051614003313,4.145662849049877
2024-07-14 02:00:00+02:00,4.080120537609095,5.350245886515304,5.525533612748668,3.28266045253404,4.734336151496919,4.122768889452325,5.664526822928674,5.922154576255785
2024-07-14 03:00:00+02:00,5.1873947121328055,5.314226338004577,5.287676906722976,4.2052115570599575,3.716807668783692,5.102813678319246,3.6563034898862368,5.323563851292315
2024-07-14 04:00:00+02:00,4.8314532308734295,4.670634056111063,4.773619067931364,3.1155190106624424,4.518963191935056,4.019749784097368,3.563455323432086,3.292061043018446
2024-07-14 05:00:00+02:00,4.832874953428801,5.755157254828928,5.191807487513282,4.948926233053504,5.4014180164918795,5.807474126947171,4.094981490465252,5.2984307084114945
2024-07-14 06:00:00+02:00,4.70480719859301,4.598307101452947,6.959696860296141,5.048572674644149,4.224830504158154,5.011809984809384,3.658624287077784,4.728357252039151
2024-07-14 07:00:00+02:00,5.635134757747309,3.6112684716464902,5.600931697252228,4.449156679953423,4.673999523300093,5.968538635753703,5.693960642558301,5.961476155453351
2024-07-14 08:00:00+02:00,4.457235335653194,3.05227750421544,5.530423882779654,3.0915239781197608,3.2568618959384135,5.1918697547281845,3.5147215102810274,4.912048478407208
2024-07-14 09:00:00+02:00,3.551788055444102,3.1875090125765264,5.557819938365412,3.4372599851247854,5.2285557932142375,5.5732605632010515,3.4524592726909775,4.807395077624577
2024-07-14 10:00:00+02:00,4.7027717750524936,3.40250135714821,4.404058679310446,5.9978970527941655,3.2853349142561687,5.888299463467879,3.226235179282254,5.459749317520622
2024-07-14 11:00:00+02:00,4.737778027046791,4.489296739257932,4.292438091641179,4.943842629282064,5.057746904277996,5.575134195322608,3.50238036114183,3.773359898730485
2024-07-14 12:00:00+02:00,5.331455432757644,4.730209993833635,5.984372649592829,3.2936703991238354,5.571832238987749,5.25443184856832,4.031531809615952,3.6629115354295223
2024-07-14 13:00:00+02:00,5.417426488572362,5.256752142218987,5.021164392703609,4.260276471769229,3.124416122584053,4.743926814065998,4.47180872760549,4.074656231554257
2024-07-14 14:00:00+02:00,5.121517363035279,5.772764161298301,6.2826118237726725,5.476695086693459,4.684193906837747,4.368199398370235,5.780287025968837,4.270081136536403
2024-07-14 15:00:00+02:00,3.533309377342412,4.386551278347039,4.837921522813362,5.9235221552910335,3.793245787454136,5.937523998223756,4.211208168356897,3.6990790660553587
2024-07-14 16:00:00+02:00,4.166991064185094,3.371451485929306,4.755462666698623,3.0608796009655026,5.416561821409816,4.3289059786992885,3.310630108282972,3.511086588330211
2024-07-14 17:00:00+02:00,4.755752025494586,3.833112061938754,5.7694121818719255,5.896254566686794,3.0034025819903305,5.060239275076886,3.4698111158254186,5.016551767639687
2024-07-14 18:00:00+02:00,4.686782156912509,4.879388693807652,5.786551884330361,5.367229123195703,5.3304522171021,3.5868623245058453,3.294262387632254,3.7076567564400706
2024-07-14 19:00:00+02:00,5.471290244258497,3.1859637063226107,6.63219914094647,5.196918299935794,5.4727988396636285,4.6896976948885705,5.170999643836208,4.973332809565753
2024-07-14 20:00:00+02:00,5.484160180599002,3.5215757894848596,6.830163373305231,4.543806499976334,3.146451434308549,5.4544786930848455,4.2494479629176105,3.732370992144657
2024-07-14 21:00:00+02:00,3.6410470822694423,3.7230807857934223,5.3716908104339804,3.553392607376691,3.488059212804647,4.857170599245579,3.714901066974485,3.8299086121805104
2024-07-14 22:00:00+02:00,4.20791797838137,3.1062289136717562,4.6479519056957415,5.252625672665355,3.817070377071121,3.030525169238706,3.4081980779847183,5.310245378474415
2024-07-14 23:00:00+02:00,4.335583530734334,5.1866159434313115,5.344521397576137,3.9657624722638785,5.205824653395776,5.235107418531152,5.0156462315114165,5.578896108993928
2024-07-15 00:00:00+02:00,4.537088181542989,5.431195836107543,4.4161410399621595,5.654278535021195,4.5706259265049765,3.7728813575760047,4.34004856099186,3.352172178197217
2024-07-15 01:00:00+02:00,5.267661633671133,4.276234547566111,6.008143289592929,4.03804914722715,5.862468237114753,3.769467381549942,4.60957101433775,5.796817867322809
2024-07-15 02:00:00+02:00,3.4660539504338113,4.9485537442453245,5.169048158353678,5.041228624085793,3.5281352101935717,5.868984177493934,5.639314487080626,4.0870283793608735
2024-07-15 03:00:00+02:00,4.168788096036499,3.751349419809168,4.445680669025449,3.853216892916583,5.008937632411059,4.684257545592547,4.054308400919924,3.6936362837161685
2024-07-15 04:00:00+02:00,4.187194424370581,5.2618742699447685,4.2509202898924485,3.8756208601087305,5.739990659957847,3.0015617668172747,5.104634982545659,3.307110611489715
2024-07-15 05:00:00+02:00,4.599988169968371,3.1966198234096947,4.835809243922056,5.35246095203715,4.752533295980531,4.8791829976954375,5.76083681973237,4.281067610171192
2024-07-15 06:00:00+02:00,4.830072570018077,5.715834448310589,4.150086361235756,3.1038265753606153,3.0910048440188067,5.530925693789105,3.2178908122597294,5.495749782556505
2024-07-15 07:00:00+02:00,3.336457799302581,3.324752311206586,5.48293355413453,4.152373164208886,4.097402481278963,4.649134885324964,4.629295331029923,3.7281332455454854
